,precision,recall,f1-score,support
0,0.8256880733944955,0.8571428571428571,0.8411214953271028,105.0
1,0.7857142857142857,0.7432432432432432,0.7638888888888888,74.0
accuracy,0.8100558659217877,0.8100558659217877,0.8100558659217877,0.8100558659217877
macro avg,0.8057011795543906,0.8001930501930501,0.8025051921079958,179.0
weighted avg,0.8091625969233472,0.8100558659217877,0.8091929317716401,179.0
